{
	"x": [0,0.3036996802,0.6084586199,0.9142588269,1.221082267,1.528910867,1.837726512,2.147511047,2.45824628,2.76991398,3.082495879,3.395973669,3.710329008,4.025543519,4.341598786,4.658476363,4.976157765,5.294624477,5.613857951,5.933839604,6.254550824,6.575972967,6.898087358,7.220875292,7.544318038,7.868396831,8.193092882,8.518387374,8.844261462,9.170696275,9.497672917,9.825172468,10.15317598,10.48166449,10.810619,11.1400205,11.46984994,11.80008828,12.13071644,12.46171531,12.79306579,13.12474873,13.45674497,13.78903536,14.12160069,14.45442177,14.78747937,15.12075427,15.4542272,15.78787891,16.12169012,16.45564154,16.78971387,17.1238878,17.45814401,17.79246316,18.12682592,18.46121293,18.79560484,19.12998228,19.46432587,19.79861625,20.13283402,20.46695981,20.80097421,21.13485782,21.46859126,21.80215512,22.13552999,22.46869648,22.80163517,23.13432666,23.46675156,23.79889045,24.13072394,24.46223263,24.79339713,25.12419805,25.454616,25.78463161,26.11422549,26.44337829,26.77207065,27.10028321,27.42799662,27.75519157,28.08184871,28.40794874,28.73347236,29.05840027,29.38271319,29.70639187,30.02941704,30.35176947,30.67342993,30.99437923,31.31459816,31.63406755,31.95276825,32.27068111,32.58778702,32.90406686,33.21950158,33.53407209,33.84775936,34.16054437,34.55603503],
	"y": [0,0.7060985179,1.398780836,2.078046954,2.743896872,3.39633059,4.035348107,4.660949425,5.273134543,5.871903461,6.457256179,7.029192697,7.587713015,8.132817133,8.664505051,9.182776769,9.687632287,10.1790716,10.65709472,11.12170164,11.57289236,12.01066688,12.43502519,12.84596731,13.24349323,13.62760295,13.99829647,14.35557378,14.6994349,15.02987982,15.34690854,15.65052106,15.94071737,16.21749749,16.48086141,16.73080913,16.96734064,17.19045596,17.40015508,17.596438,17.77930472,17.94875523,18.10478955,18.24740767,18.37660959,18.49239531,18.59476482,18.68371814,18.75925526,18.82137618,18.8700809,18.90536941,18.92724173,18.93569785,18.93073777,18.91236149,18.880569,18.83536032,18.77673544,18.70469436,18.61923707,18.52036359,18.40807391,18.28236803,18.14324595,17.99070766,17.82475318,17.6453825,17.45259562,17.24639254,17.02677325,16.79373777,16.54728609,16.28741821,16.01413413,15.72743384,15.42731736,15.11378468,14.7868358,14.44647071,14.09268943,13.72549195,13.34487827,12.95084839,12.5434023,12.12254002,11.68826154,11.24056686,10.77945598,10.30492889,9.816985612,9.31562613,8.800850448,8.272658566,7.731050484,7.176026201,6.607585719,6.025729037,5.430456155,4.821767073,4.199661791,3.564140309,2.915202627,2.252848745,1.577078663,0.8878923805,0],
	"z": [0,0.119960588,0.237221967,0.351777122,0.463619145,0.572741235,0.679136697,0.782798945,0.883721499,0.981897987,1.077322145,1.169987818,1.259888959,1.347019628,1.431373996,1.512946342,1.591731053,1.667722627,1.74091567,1.811304899,1.878885142,1.943651333,2.00559852,2.064721859,2.121016619,2.174478178,2.225102025,2.272883759,2.317819094,2.35990385,2.399133964,2.43550548,2.469014556,2.499657462,2.52743058,2.552330402,2.574353537,2.593496701,2.609756726,2.623130556,2.633615247,2.641207969,2.645906005,2.647706749,2.64660771,2.642606511,2.635700887,2.625888687,2.613167873,2.597536522,2.578992823,2.55753508,2.533161711,2.505871247,2.475662334,2.442533732,2.406484313,2.367513068,2.325619096,2.280801616,2.233059959,2.182393569,2.128802006,2.072284946,2.012842176,1.9504736,1.885179236,1.816959216,1.745813788,1.671743314,1.594748269,1.514829246,1.431986949,1.3462222,1.257535933,1.165929198,1.07140316,0.973959097,0.873598403,0.770322588,0.664133272,0.555032195,0.443021208,0.328102278,0.210277485,0.089549026,-0.03408098,-0.1606097,-0.2900348,-0.4223537,-0.5575633,-0.6956615,-0.8366446,-0.9805093,-1.127253,-1.276872,-1.429364,-1.584723,-1.742948,-1.904033,-2.067975,-2.234771,-2.404415,-2.576904,-2.752233,-2.930398,-3.161297]
}
