{
	"x": [0,6.654262116,13.6183642,20.71071213,27.74635544,34.55603503],
	"y": [0,12.11512397,18.17584714,18.18216951,12.13409108,0],
	"z": [15,16.95897921,17.6471441,17.02919631,15.09285012,11.83870251]
}
